{"name":"person-management","classpathEntries":[{"kind":"binary","path":"C:\\Program Files\\Java\\jre1.8.0_201\\lib\\resources.jar","javadocContainerUrl":"https://docs.oracle.com/javase/1/docs/api/","isSystem":true,"isOwn":false,"isTest":false,"isJavaContent":false},{"kind":"binary","path":"C:\\Program Files\\Java\\jre1.8.0_201\\lib\\rt.jar","javadocContainerUrl":"https://docs.oracle.com/javase/1/docs/api/","isSystem":true,"isOwn":false,"isTest":false,"isJavaContent":false},{"kind":"binary","path":"C:\\Program Files\\Java\\jre1.8.0_201\\lib\\jsse.jar","javadocContainerUrl":"https://docs.oracle.com/javase/1/docs/api/","isSystem":true,"isOwn":false,"isTest":false,"isJavaContent":false},{"kind":"binary","path":"C:\\Program Files\\Java\\jre1.8.0_201\\lib\\jce.jar","javadocContainerUrl":"https://docs.oracle.com/javase/1/docs/api/","isSystem":true,"isOwn":false,"isTest":false,"isJavaContent":false},{"kind":"binary","path":"C:\\Program Files\\Java\\jre1.8.0_201\\lib\\charsets.jar","javadocContainerUrl":"https://docs.oracle.com/javase/1/docs/api/","isSystem":true,"isOwn":false,"isTest":false,"isJavaContent":false},{"kind":"binary","path":"C:\\Program Files\\Java\\jre1.8.0_201\\lib\\jfr.jar","javadocContainerUrl":"https://docs.oracle.com/javase/1/docs/api/","isSystem":true,"isOwn":false,"isTest":false,"isJavaContent":false},{"kind":"source","path":"E:\\Java Web\\eclipse-workspace\\person-management\\src","outputFolder":"E:\\Java Web\\eclipse-workspace\\person-management\\target\\classes","javadocContainerUrl":"file:/E:/Java%20Web/eclipse-workspace/person-management/target/site/apidocs","isSystem":false,"isOwn":true,"isTest":false,"isJavaContent":true},{"kind":"source","path":"E:\\Java Web\\eclipse-workspace\\person-management\\src\\main\\resources","outputFolder":"E:\\Java Web\\eclipse-workspace\\person-management\\target\\classes","isSystem":false,"isOwn":true,"isTest":false,"isJavaContent":false},{"kind":"source","path":"E:\\Java Web\\eclipse-workspace\\person-management\\src\\test\\resources","outputFolder":"E:\\Java Web\\eclipse-workspace\\person-management\\target\\test-classes","isSystem":false,"isOwn":true,"isTest":true,"isJavaContent":false},{"kind":"source","path":"E:\\Java Web\\eclipse-workspace\\person-management\\src\\test\\java","outputFolder":"E:\\Java Web\\eclipse-workspace\\person-management\\target\\test-classes","javadocContainerUrl":"file:/E:/Java%20Web/eclipse-workspace/person-management/target/site/apidocs","isSystem":false,"isOwn":true,"isTest":false,"isJavaContent":false}]}